<?xml version="1.0" encoding="UTF-8" standalone="yes"?>
<addon id="plugin.audio.vevotv" name="Vevo Channel" version="1.0.1" provider-name="Simple Kodi">
  <requires>
    <import addon="xbmc.python" version="2.1.0"/>
  </requires>
  <extension point="xbmc.python.pluginsource" library="addon.py">
    <provides>audio</provides>
  </extension>
  <extension point="xbmc.addon.metadata">
    <summary lang="en">Youtube Tutorial @Simple Kodi</summary>
    <description lang="en">This is a Live Stream of Vevo TV. 
Link: http://www.vevo.com/tv. 
Youtube Tutorial @Simple Kodi.
I don't own this Live Stream. Use at your own risk.</description>
    <disclaimer lang="en">I don't own this Live Stream. Use at your own risk.</disclaimer>
    <language>en</language>
    <platform>all</platform>
    <license></license>
    <forum></forum>
    <source></source>
  </extension>
</addon>
